product,sales,date,region
pink morsel,$1578,13-10-2020,north
pink morsel,$1638,13-10-2020,south
pink morsel,$1515,13-10-2020,east
pink morsel,$1683,13-10-2020,west
pink morsel,$1680,14-10-2020,north
pink morsel,$1755,14-10-2020,south
pink morsel,$1584,14-10-2020,east
pink morsel,$1590,14-10-2020,west
pink morsel,$1518,15-10-2020,north
pink morsel,$1701,15-10-2020,south
pink morsel,$1716,15-10-2020,east
pink morsel,$1563,15-10-2020,west
pink morsel,$1638,16-10-2020,north
pink morsel,$1689,16-10-2020,south
pink morsel,$1515,16-10-2020,east
pink morsel,$1632,16-10-2020,west
pink morsel,$1509,17-10-2020,north
pink morsel,$1791,17-10-2020,south
pink morsel,$1509,17-10-2020,east
pink morsel,$1776,17-10-2020,west
pink morsel,$1524,18-10-2020,north
pink morsel,$1716,18-10-2020,south
pink morsel,$1578,18-10-2020,east
pink morsel,$1713,18-10-2020,west
pink morsel,$1656,19-10-2020,north
pink morsel,$1725,19-10-2020,south
pink morsel,$1554,19-10-2020,east
pink morsel,$1524,19-10-2020,west
pink morsel,$1569,20-10-2020,north
pink morsel,$1758,20-10-2020,south
pink morsel,$1758,20-10-2020,east
pink morsel,$1614,20-10-2020,west
pink morsel,$1740,21-10-2020,north
pink morsel,$1521,21-10-2020,south
pink morsel,$1722,21-10-2020,east
pink morsel,$1605,21-10-2020,west
pink morsel,$1749,22-10-2020,north
pink morsel,$1638,22-10-2020,south
pink morsel,$1710,22-10-2020,east
pink morsel,$1668,22-10-2020,west
pink morsel,$1635,23-10-2020,north
pink morsel,$1533,23-10-2020,south
pink morsel,$1635,23-10-2020,east
pink morsel,$1575,23-10-2020,west
pink morsel,$1737,24-10-2020,north
pink morsel,$1593,24-10-2020,south
pink morsel,$1707,24-10-2020,east
pink morsel,$1536,24-10-2020,west
pink morsel,$1689,25-10-2020,north
pink morsel,$1680,25-10-2020,south
pink morsel,$1605,25-10-2020,east
pink morsel,$1617,25-10-2020,west
pink morsel,$1746,26-10-2020,north
pink morsel,$1518,26-10-2020,south
pink morsel,$1656,26-10-2020,east
pink morsel,$1542,26-10-2020,west
pink morsel,$1581,27-10-2020,north
pink morsel,$1716,27-10-2020,south
pink morsel,$1683,27-10-2020,east
pink morsel,$1518,27-10-2020,west
pink morsel,$1746,28-10-2020,north
pink morsel,$1587,28-10-2020,south
pink morsel,$1644,28-10-2020,east
pink morsel,$1731,28-10-2020,west
pink morsel,$1770,29-10-2020,north
pink morsel,$1692,29-10-2020,south
pink morsel,$1557,29-10-2020,east
pink morsel,$1524,29-10-2020,west
pink morsel,$1773,30-10-2020,north
pink morsel,$1689,30-10-2020,south
pink morsel,$1776,30-10-2020,east
pink morsel,$1686,30-10-2020,west
pink morsel,$1581,31-10-2020,north
pink morsel,$1758,31-10-2020,south
pink morsel,$1755,31-10-2020,east
pink morsel,$1668,31-10-2020,west
pink morsel,$1665,01-11-2020,north
pink morsel,$1551,01-11-2020,south
pink morsel,$1770,01-11-2020,east
pink morsel,$1593,01-11-2020,west
pink morsel,$1734,02-11-2020,north
pink morsel,$1500,02-11-2020,south
pink morsel,$1740,02-11-2020,east
pink morsel,$1686,02-11-2020,west
pink morsel,$1551,03-11-2020,north
pink morsel,$1752,03-11-2020,south
pink morsel,$1746,03-11-2020,east
pink morsel,$1581,03-11-2020,west
pink morsel,$1773,04-11-2020,north
pink morsel,$1788,04-11-2020,south
pink morsel,$1545,04-11-2020,east
pink morsel,$1506,04-11-2020,west
pink morsel,$1644,05-11-2020,north
pink morsel,$1605,05-11-2020,south
pink morsel,$1686,05-11-2020,east
pink morsel,$1539,05-11-2020,west
pink morsel,$1725,06-11-2020,north
pink morsel,$1599,06-11-2020,south
pink morsel,$1659,06-11-2020,east
pink morsel,$1575,06-11-2020,west
pink morsel,$1653,07-11-2020,north
pink morsel,$1641,07-11-2020,south
pink morsel,$1587,07-11-2020,east
pink morsel,$1758,07-11-2020,west
pink morsel,$1785,08-11-2020,north
pink morsel,$1695,08-11-2020,south
pink morsel,$1581,08-11-2020,east
pink morsel,$1734,08-11-2020,west
pink morsel,$1788,09-11-2020,north
pink morsel,$1593,09-11-2020,south
pink morsel,$1593,09-11-2020,east
pink morsel,$1512,09-11-2020,west
pink morsel,$1638,10-11-2020,north
pink morsel,$1734,10-11-2020,south
pink morsel,$1695,10-11-2020,east
pink morsel,$1638,10-11-2020,west
pink morsel,$1695,11-11-2020,north
pink morsel,$1533,11-11-2020,south
pink morsel,$1731,11-11-2020,east
pink morsel,$1689,11-11-2020,west
pink morsel,$1713,12-11-2020,north
pink morsel,$1596,12-11-2020,south
pink morsel,$1686,12-11-2020,east
pink morsel,$1515,12-11-2020,west
pink morsel,$1581,13-11-2020,north
pink morsel,$1521,13-11-2020,south
pink morsel,$1677,13-11-2020,east
pink morsel,$1635,13-11-2020,west
pink morsel,$1749,14-11-2020,north
pink morsel,$1542,14-11-2020,south
pink morsel,$1602,14-11-2020,east
pink morsel,$1557,14-11-2020,west
pink morsel,$1686,15-11-2020,north
pink morsel,$1638,15-11-2020,south
pink morsel,$1794,15-11-2020,east
pink morsel,$1659,15-11-2020,west
pink morsel,$1773,16-11-2020,north
pink morsel,$1671,16-11-2020,south
pink morsel,$1626,16-11-2020,east
pink morsel,$1725,16-11-2020,west
pink morsel,$1686,17-11-2020,north
pink morsel,$1521,17-11-2020,south
pink morsel,$1734,17-11-2020,east
pink morsel,$1530,17-11-2020,west
pink morsel,$1698,18-11-2020,north
pink morsel,$1770,18-11-2020,south
pink morsel,$1752,18-11-2020,east
pink morsel,$1662,18-11-2020,west
pink morsel,$1566,19-11-2020,north
pink morsel,$1590,19-11-2020,south
pink morsel,$1635,19-11-2020,east
pink morsel,$1698,19-11-2020,west
pink morsel,$1683,20-11-2020,north
pink morsel,$1653,20-11-2020,south
pink morsel,$1527,20-11-2020,east
pink morsel,$1524,20-11-2020,west
pink morsel,$1593,21-11-2020,north
pink morsel,$1656,21-11-2020,south
pink morsel,$1623,21-11-2020,east
pink morsel,$1638,21-11-2020,west
pink morsel,$1596,22-11-2020,north
pink morsel,$1575,22-11-2020,south
pink morsel,$1656,22-11-2020,east
pink morsel,$1725,22-11-2020,west
pink morsel,$1767,23-11-2020,north
pink morsel,$1650,23-11-2020,south
pink morsel,$1641,23-11-2020,east
pink morsel,$1632,23-11-2020,west
pink morsel,$1602,24-11-2020,north
pink morsel,$1632,24-11-2020,south
pink morsel,$1743,24-11-2020,east
pink morsel,$1617,24-11-2020,west
pink morsel,$1725,25-11-2020,north
pink morsel,$1761,25-11-2020,south
pink morsel,$1791,25-11-2020,east
pink morsel,$1620,25-11-2020,west
pink morsel,$1770,26-11-2020,north
pink morsel,$1791,26-11-2020,south
pink morsel,$1665,26-11-2020,east
pink morsel,$1743,26-11-2020,west
pink morsel,$1632,27-11-2020,north
pink morsel,$1587,27-11-2020,south
pink morsel,$1680,27-11-2020,east
pink morsel,$1656,27-11-2020,west
pink morsel,$1746,28-11-2020,north
pink morsel,$1599,28-11-2020,south
pink morsel,$1719,28-11-2020,east
pink morsel,$1794,28-11-2020,west
pink morsel,$1758,29-11-2020,north
pink morsel,$1557,29-11-2020,south
pink morsel,$1647,29-11-2020,east
pink morsel,$1740,29-11-2020,west
pink morsel,$1635,30-11-2020,north
pink morsel,$1584,30-11-2020,south
pink morsel,$1614,30-11-2020,east
pink morsel,$1749,30-11-2020,west
pink morsel,$1587,01-12-2020,north
pink morsel,$1719,01-12-2020,south
pink morsel,$1620,01-12-2020,east
pink morsel,$1656,01-12-2020,west
pink morsel,$1554,02-12-2020,north
pink morsel,$1755,02-12-2020,south
pink morsel,$1737,02-12-2020,east
pink morsel,$1548,02-12-2020,west
pink morsel,$1572,03-12-2020,north
pink morsel,$1560,03-12-2020,south
pink morsel,$1746,03-12-2020,east
pink morsel,$1788,03-12-2020,west
pink morsel,$1638,04-12-2020,north
pink morsel,$1626,04-12-2020,south
pink morsel,$1518,04-12-2020,east
pink morsel,$1773,04-12-2020,west
pink morsel,$1707,05-12-2020,north
pink morsel,$1614,05-12-2020,south
pink morsel,$1722,05-12-2020,east
pink morsel,$1524,05-12-2020,west
pink morsel,$1560,06-12-2020,north
pink morsel,$1617,06-12-2020,south
pink morsel,$1566,06-12-2020,east
pink morsel,$1515,06-12-2020,west
pink morsel,$1509,07-12-2020,north
pink morsel,$1545,07-12-2020,south
pink morsel,$1596,07-12-2020,east
pink morsel,$1671,07-12-2020,west
pink morsel,$1686,08-12-2020,north
pink morsel,$1785,08-12-2020,south
pink morsel,$1800,08-12-2020,east
pink morsel,$1590,08-12-2020,west
pink morsel,$1788,09-12-2020,north
pink morsel,$1788,09-12-2020,south
pink morsel,$1584,09-12-2020,east
pink morsel,$1665,09-12-2020,west
pink morsel,$1620,10-12-2020,north
pink morsel,$1725,10-12-2020,south
pink morsel,$1569,10-12-2020,east
pink morsel,$1533,10-12-2020,west
pink morsel,$1503,11-12-2020,north
pink morsel,$1713,11-12-2020,south
pink morsel,$1650,11-12-2020,east
pink morsel,$1776,11-12-2020,west
pink morsel,$1629,12-12-2020,north
pink morsel,$1662,12-12-2020,south
pink morsel,$1623,12-12-2020,east
pink morsel,$1590,12-12-2020,west
pink morsel,$1650,13-12-2020,north
pink morsel,$1647,13-12-2020,south
pink morsel,$1683,13-12-2020,east
pink morsel,$1530,13-12-2020,west
pink morsel,$1746,14-12-2020,north
pink morsel,$1551,14-12-2020,south
pink morsel,$1548,14-12-2020,east
pink morsel,$1767,14-12-2020,west
pink morsel,$1785,15-12-2020,north
pink morsel,$1734,15-12-2020,south
pink morsel,$1578,15-12-2020,east
pink morsel,$1596,15-12-2020,west
pink morsel,$1779,16-12-2020,north
pink morsel,$1770,16-12-2020,south
pink morsel,$1581,16-12-2020,east
pink morsel,$1614,16-12-2020,west
pink morsel,$1506,17-12-2020,north
pink morsel,$1533,17-12-2020,south
pink morsel,$1677,17-12-2020,east
pink morsel,$1737,17-12-2020,west
pink morsel,$1635,18-12-2020,north
pink morsel,$1800,18-12-2020,south
pink morsel,$1794,18-12-2020,east
pink morsel,$1653,18-12-2020,west
pink morsel,$1719,19-12-2020,north
pink morsel,$1674,19-12-2020,south
pink morsel,$1575,19-12-2020,east
pink morsel,$1650,19-12-2020,west
pink morsel,$1707,20-12-2020,north
pink morsel,$1692,20-12-2020,south
pink morsel,$1614,20-12-2020,east
pink morsel,$1563,20-12-2020,west
pink morsel,$1575,21-12-2020,north
pink morsel,$1506,21-12-2020,south
pink morsel,$1599,21-12-2020,east
pink morsel,$1686,21-12-2020,west
pink morsel,$1518,22-12-2020,north
pink morsel,$1677,22-12-2020,south
pink morsel,$1722,22-12-2020,east
pink morsel,$1566,22-12-2020,west
pink morsel,$1677,23-12-2020,north
pink morsel,$1542,23-12-2020,south
pink morsel,$1785,23-12-2020,east
pink morsel,$1671,23-12-2020,west
pink morsel,$1725,24-12-2020,north
pink morsel,$1506,24-12-2020,south
pink morsel,$1563,24-12-2020,east
pink morsel,$1668,24-12-2020,west
pink morsel,$1782,25-12-2020,north
pink morsel,$1557,25-12-2020,south
pink morsel,$1797,25-12-2020,east
pink morsel,$1563,25-12-2020,west
pink morsel,$1554,26-12-2020,north
pink morsel,$1650,26-12-2020,south
pink morsel,$1698,26-12-2020,east
pink morsel,$1737,26-12-2020,west
pink morsel,$1770,27-12-2020,north
pink morsel,$1734,27-12-2020,south
pink morsel,$1770,27-12-2020,east
pink morsel,$1524,27-12-2020,west
pink morsel,$1725,28-12-2020,north
pink morsel,$1536,28-12-2020,south
pink morsel,$1758,28-12-2020,east
pink morsel,$1683,28-12-2020,west
pink morsel,$1518,29-12-2020,north
pink morsel,$1677,29-12-2020,south
pink morsel,$1614,29-12-2020,east
pink morsel,$1767,29-12-2020,west
pink morsel,$1524,30-12-2020,north
pink morsel,$1530,30-12-2020,south
pink morsel,$1584,30-12-2020,east
pink morsel,$1791,30-12-2020,west
pink morsel,$1740,31-12-2020,north
pink morsel,$1698,31-12-2020,south
pink morsel,$1770,31-12-2020,east
pink morsel,$1650,31-12-2020,west
pink morsel,$1536,01-01-2021,north
pink morsel,$1542,01-01-2021,south
pink morsel,$1671,01-01-2021,east
pink morsel,$1752,01-01-2021,west
pink morsel,$1794,02-01-2021,north
pink morsel,$1620,02-01-2021,south
pink morsel,$1584,02-01-2021,east
pink morsel,$1503,02-01-2021,west
pink morsel,$1758,03-01-2021,north
pink morsel,$1578,03-01-2021,south
pink morsel,$1677,03-01-2021,east
pink morsel,$1722,03-01-2021,west
pink morsel,$1590,04-01-2021,north
pink morsel,$1785,04-01-2021,south
pink morsel,$1731,04-01-2021,east
pink morsel,$1686,04-01-2021,west
pink morsel,$1536,05-01-2021,north
pink morsel,$1578,05-01-2021,south
pink morsel,$1683,05-01-2021,east
pink morsel,$1608,05-01-2021,west
pink morsel,$1743,06-01-2021,north
pink morsel,$1743,06-01-2021,south
pink morsel,$1638,06-01-2021,east
pink morsel,$1788,06-01-2021,west
pink morsel,$1716,07-01-2021,north
pink morsel,$1602,07-01-2021,south
pink morsel,$1596,07-01-2021,east
pink morsel,$1797,07-01-2021,west
pink morsel,$1662,08-01-2021,north
pink morsel,$1668,08-01-2021,south
pink morsel,$1662,08-01-2021,east
pink morsel,$1521,08-01-2021,west
pink morsel,$1563,09-01-2021,north
pink morsel,$1647,09-01-2021,south
pink morsel,$1743,09-01-2021,east
pink morsel,$1653,09-01-2021,west
pink morsel,$1731,10-01-2021,north
pink morsel,$1608,10-01-2021,south
pink morsel,$1512,10-01-2021,east
pink morsel,$1545,10-01-2021,west
pink morsel,$1740,11-01-2021,north
pink morsel,$1611,11-01-2021,south
pink morsel,$1536,11-01-2021,east
pink morsel,$1626,11-01-2021,west
pink morsel,$1614,12-01-2021,north
pink morsel,$1572,12-01-2021,south
pink morsel,$1539,12-01-2021,east
pink morsel,$1605,12-01-2021,west
pink morsel,$1545,13-01-2021,north
pink morsel,$1542,13-01-2021,south
pink morsel,$1779,13-01-2021,east
pink morsel,$1680,13-01-2021,west
pink morsel,$1701,14-01-2021,north
pink morsel,$1677,14-01-2021,south
pink morsel,$1614,14-01-2021,east
pink morsel,$1590,14-01-2021,west
pink morsel,$1215,15-01-2021,north
pink morsel,$1317,15-01-2021,south
pink morsel,$1308,15-01-2021,east
pink morsel,$1437,15-01-2021,west
pink morsel,$1266,16-01-2021,north
pink morsel,$1287,16-01-2021,south
pink morsel,$1404,16-01-2021,east
pink morsel,$1434,16-01-2021,west
pink morsel,$1485,17-01-2021,north
pink morsel,$1392,17-01-2021,south
pink morsel,$1263,17-01-2021,east
pink morsel,$1254,17-01-2021,west
pink morsel,$1230,18-01-2021,north
pink morsel,$1446,18-01-2021,south
pink morsel,$1275,18-01-2021,east
pink morsel,$1395,18-01-2021,west
pink morsel,$1401,19-01-2021,north
pink morsel,$1263,19-01-2021,south
pink morsel,$1404,19-01-2021,east
pink morsel,$1452,19-01-2021,west
pink morsel,$1449,20-01-2021,north
pink morsel,$1497,20-01-2021,south
pink morsel,$1242,20-01-2021,east
pink morsel,$1443,20-01-2021,west
pink morsel,$1254,21-01-2021,north
pink morsel,$1287,21-01-2021,south
pink morsel,$1347,21-01-2021,east
pink morsel,$1398,21-01-2021,west
pink morsel,$1476,22-01-2021,north
pink morsel,$1338,22-01-2021,south
pink morsel,$1206,22-01-2021,east
pink morsel,$1428,22-01-2021,west
pink morsel,$1215,23-01-2021,north
pink morsel,$1251,23-01-2021,south
pink morsel,$1452,23-01-2021,east
pink morsel,$1305,23-01-2021,west
pink morsel,$1209,24-01-2021,north
pink morsel,$1467,24-01-2021,south
pink morsel,$1353,24-01-2021,east
pink morsel,$1251,24-01-2021,west
pink morsel,$1326,25-01-2021,north
pink morsel,$1287,25-01-2021,south
pink morsel,$1320,25-01-2021,east
pink morsel,$1296,25-01-2021,west
pink morsel,$1230,26-01-2021,north
pink morsel,$1368,26-01-2021,south
pink morsel,$1299,26-01-2021,east
pink morsel,$1407,26-01-2021,west
pink morsel,$1200,27-01-2021,north
pink morsel,$1206,27-01-2021,south
pink morsel,$1236,27-01-2021,east
pink morsel,$1212,27-01-2021,west
pink morsel,$1284,28-01-2021,north
pink morsel,$1386,28-01-2021,south
pink morsel,$1371,28-01-2021,east
pink morsel,$1203,28-01-2021,west
pink morsel,$1377,29-01-2021,north
pink morsel,$1317,29-01-2021,south
pink morsel,$1479,29-01-2021,east
pink morsel,$1257,29-01-2021,west
pink morsel,$1440,30-01-2021,north
pink morsel,$1374,30-01-2021,south
pink morsel,$1422,30-01-2021,east
pink morsel,$1299,30-01-2021,west
pink morsel,$1458,31-01-2021,north
pink morsel,$1356,31-01-2021,south
pink morsel,$1329,31-01-2021,east
pink morsel,$1287,31-01-2021,west
pink morsel,$1410,01-02-2021,north
pink morsel,$1308,01-02-2021,south
pink morsel,$1374,01-02-2021,east
pink morsel,$1269,01-02-2021,west
pink morsel,$1389,02-02-2021,north
pink morsel,$1260,02-02-2021,south
pink morsel,$1458,02-02-2021,east
pink morsel,$1329,02-02-2021,west
pink morsel,$1200,03-02-2021,north
pink morsel,$1413,03-02-2021,south
pink morsel,$1266,03-02-2021,east
pink morsel,$1344,03-02-2021,west
pink morsel,$1428,04-02-2021,north
pink morsel,$1383,04-02-2021,south
pink morsel,$1380,04-02-2021,east
pink morsel,$1272,04-02-2021,west
pink morsel,$1311,05-02-2021,north
pink morsel,$1377,05-02-2021,south
pink morsel,$1329,05-02-2021,east
pink morsel,$1230,05-02-2021,west
pink morsel,$1335,06-02-2021,north
pink morsel,$1443,06-02-2021,south
pink morsel,$1257,06-02-2021,east
pink morsel,$1320,06-02-2021,west
pink morsel,$1242,07-02-2021,north
pink morsel,$1239,07-02-2021,south
pink morsel,$1248,07-02-2021,east
pink morsel,$1206,07-02-2021,west
pink morsel,$1437,08-02-2021,north
pink morsel,$1407,08-02-2021,south
pink morsel,$1251,08-02-2021,east
pink morsel,$1350,08-02-2021,west
pink morsel,$1227,09-02-2021,north
pink morsel,$1407,09-02-2021,south
pink morsel,$1473,09-02-2021,east
pink morsel,$1356,09-02-2021,west
pink morsel,$1278,10-02-2021,north
pink morsel,$1221,10-02-2021,south
pink morsel,$1227,10-02-2021,east
pink morsel,$1287,10-02-2021,west
pink morsel,$1392,11-02-2021,north
pink morsel,$1410,11-02-2021,south
pink morsel,$1251,11-02-2021,east
pink morsel,$1296,11-02-2021,west
pink morsel,$1425,12-02-2021,north
pink morsel,$1338,12-02-2021,south
pink morsel,$1338,12-02-2021,east
pink morsel,$1278,12-02-2021,west
pink morsel,$1455,13-02-2021,north
pink morsel,$1479,13-02-2021,south
pink morsel,$1263,13-02-2021,east
pink morsel,$1491,13-02-2021,west
pink morsel,$1404,14-02-2021,north
pink morsel,$1344,14-02-2021,south
pink morsel,$1371,14-02-2021,east
pink morsel,$1425,14-02-2021,west
pink morsel,$1266,15-02-2021,north
pink morsel,$1395,15-02-2021,south
pink morsel,$1359,15-02-2021,east
pink morsel,$1305,15-02-2021,west
pink morsel,$1377,16-02-2021,north
pink morsel,$1350,16-02-2021,south
pink morsel,$1308,16-02-2021,east
pink morsel,$1479,16-02-2021,west
pink morsel,$1428,17-02-2021,north
pink morsel,$1278,17-02-2021,south
pink morsel,$1410,17-02-2021,east
pink morsel,$1482,17-02-2021,west
pink morsel,$1203,18-02-2021,north
pink morsel,$1275,18-02-2021,south
pink morsel,$1488,18-02-2021,east
pink morsel,$1344,18-02-2021,west
pink morsel,$1275,19-02-2021,north
pink morsel,$1455,19-02-2021,south
pink morsel,$1230,19-02-2021,east
pink morsel,$1227,19-02-2021,west
pink morsel,$1356,20-02-2021,north
pink morsel,$1263,20-02-2021,south
pink morsel,$1452,20-02-2021,east
pink morsel,$1440,20-02-2021,west
pink morsel,$1407,21-02-2021,north
pink morsel,$1224,21-02-2021,south
pink morsel,$1302,21-02-2021,east
pink morsel,$1467,21-02-2021,west
pink morsel,$1287,22-02-2021,north
pink morsel,$1230,22-02-2021,south
pink morsel,$1320,22-02-2021,east
pink morsel,$1284,22-02-2021,west
pink morsel,$1494,23-02-2021,north
pink morsel,$1422,23-02-2021,south
pink morsel,$1233,23-02-2021,east
pink morsel,$1428,23-02-2021,west
pink morsel,$1398,24-02-2021,north
pink morsel,$1452,24-02-2021,south
pink morsel,$1341,24-02-2021,east
pink morsel,$1227,24-02-2021,west
pink morsel,$1323,25-02-2021,north
pink morsel,$1239,25-02-2021,south
pink morsel,$1380,25-02-2021,east
pink morsel,$1221,25-02-2021,west
pink morsel,$1473,26-02-2021,north
pink morsel,$1410,26-02-2021,south
pink morsel,$1362,26-02-2021,east
pink morsel,$1389,26-02-2021,west
pink morsel,$1200,27-02-2021,north
pink morsel,$1383,27-02-2021,south
pink morsel,$1290,27-02-2021,east
pink morsel,$1383,27-02-2021,west
pink morsel,$1287,28-02-2021,north
pink morsel,$1293,28-02-2021,south
pink morsel,$1374,28-02-2021,east
pink morsel,$1293,28-02-2021,west
pink morsel,$1416,01-03-2021,north
pink morsel,$1458,01-03-2021,south
pink morsel,$1311,01-03-2021,east
pink morsel,$1347,01-03-2021,west
pink morsel,$1422,02-03-2021,north
pink morsel,$1380,02-03-2021,south
pink morsel,$1329,02-03-2021,east
pink morsel,$1335,02-03-2021,west
pink morsel,$1443,03-03-2021,north
pink morsel,$1200,03-03-2021,south
pink morsel,$1215,03-03-2021,east
pink morsel,$1428,03-03-2021,west
pink morsel,$1434,04-03-2021,north
pink morsel,$1401,04-03-2021,south
pink morsel,$1323,04-03-2021,east
pink morsel,$1221,04-03-2021,west
pink morsel,$1248,05-03-2021,north
pink morsel,$1404,05-03-2021,south
pink morsel,$1227,05-03-2021,east
pink morsel,$1203,05-03-2021,west
pink morsel,$1245,06-03-2021,north
pink morsel,$1314,06-03-2021,south
pink morsel,$1383,06-03-2021,east
pink morsel,$1314,06-03-2021,west
pink morsel,$1332,07-03-2021,north
pink morsel,$1215,07-03-2021,south
pink morsel,$1410,07-03-2021,east
pink morsel,$1455,07-03-2021,west
pink morsel,$1302,08-03-2021,north
pink morsel,$1257,08-03-2021,south
pink morsel,$1485,08-03-2021,east
pink morsel,$1437,08-03-2021,west
pink morsel,$1428,09-03-2021,north
pink morsel,$1200,09-03-2021,south
pink morsel,$1308,09-03-2021,east
pink morsel,$1419,09-03-2021,west
pink morsel,$1428,10-03-2021,north
pink morsel,$1392,10-03-2021,south
pink morsel,$1203,10-03-2021,east
pink morsel,$1362,10-03-2021,west
pink morsel,$1203,11-03-2021,north
pink morsel,$1446,11-03-2021,south
pink morsel,$1239,11-03-2021,east
pink morsel,$1302,11-03-2021,west
pink morsel,$1305,12-03-2021,north
pink morsel,$1386,12-03-2021,south
pink morsel,$1494,12-03-2021,east
pink morsel,$1440,12-03-2021,west
pink morsel,$1239,13-03-2021,north
pink morsel,$1299,13-03-2021,south
pink morsel,$1383,13-03-2021,east
pink morsel,$1260,13-03-2021,west
pink morsel,$1347,14-03-2021,north
pink morsel,$1419,14-03-2021,south
pink morsel,$1380,14-03-2021,east
pink morsel,$1404,14-03-2021,west
pink morsel,$1398,15-03-2021,north
pink morsel,$1467,15-03-2021,south
pink morsel,$1434,15-03-2021,east
pink morsel,$1326,15-03-2021,west
pink morsel,$1419,16-03-2021,north
pink morsel,$1500,16-03-2021,south
pink morsel,$1341,16-03-2021,east
pink morsel,$1488,16-03-2021,west
pink morsel,$1239,17-03-2021,north
pink morsel,$1395,17-03-2021,south
pink morsel,$1488,17-03-2021,east
pink morsel,$1359,17-03-2021,west
pink morsel,$1464,18-03-2021,north
pink morsel,$1212,18-03-2021,south
pink morsel,$1269,18-03-2021,east
pink morsel,$1245,18-03-2021,west
pink morsel,$1221,19-03-2021,north
pink morsel,$1497,19-03-2021,south
pink morsel,$1404,19-03-2021,east
pink morsel,$1332,19-03-2021,west
pink morsel,$1428,20-03-2021,north
pink morsel,$1416,20-03-2021,south
pink morsel,$1395,20-03-2021,east
pink morsel,$1404,20-03-2021,west
pink morsel,$1380,21-03-2021,north
pink morsel,$1218,21-03-2021,south
pink morsel,$1266,21-03-2021,east
pink morsel,$1494,21-03-2021,west
pink morsel,$1452,22-03-2021,north
pink morsel,$1218,22-03-2021,south
pink morsel,$1470,22-03-2021,east
pink morsel,$1389,22-03-2021,west
pink morsel,$1482,23-03-2021,north
pink morsel,$1344,23-03-2021,south
pink morsel,$1293,23-03-2021,east
pink morsel,$1203,23-03-2021,west
pink morsel,$1203,24-03-2021,north
pink morsel,$1245,24-03-2021,south
pink morsel,$1248,24-03-2021,east
pink morsel,$1437,24-03-2021,west
pink morsel,$1461,25-03-2021,north
pink morsel,$1233,25-03-2021,south
pink morsel,$1278,25-03-2021,east
pink morsel,$1419,25-03-2021,west
pink morsel,$1392,26-03-2021,north
pink morsel,$1395,26-03-2021,south
pink morsel,$1326,26-03-2021,east
pink morsel,$1335,26-03-2021,west
pink morsel,$1479,27-03-2021,north
pink morsel,$1305,27-03-2021,south
pink morsel,$1287,27-03-2021,east
pink morsel,$1251,27-03-2021,west
pink morsel,$1386,28-03-2021,north
pink morsel,$1242,28-03-2021,south
pink morsel,$1413,28-03-2021,east
pink morsel,$1446,28-03-2021,west
pink morsel,$1485,29-03-2021,north
pink morsel,$1203,29-03-2021,south
pink morsel,$1215,29-03-2021,east
pink morsel,$1359,29-03-2021,west
pink morsel,$1254,30-03-2021,north
pink morsel,$1434,30-03-2021,south
pink morsel,$1446,30-03-2021,east
pink morsel,$1221,30-03-2021,west
pink morsel,$1485,31-03-2021,north
pink morsel,$1281,31-03-2021,south
pink morsel,$1464,31-03-2021,east
pink morsel,$1263,31-03-2021,west
pink morsel,$1443,01-04-2021,north
pink morsel,$1200,01-04-2021,south
pink morsel,$1488,01-04-2021,east
pink morsel,$1497,01-04-2021,west
pink morsel,$1356,02-04-2021,north
pink morsel,$1260,02-04-2021,south
pink morsel,$1488,02-04-2021,east
pink morsel,$1395,02-04-2021,west
pink morsel,$1407,03-04-2021,north
pink morsel,$1203,03-04-2021,south
pink morsel,$1305,03-04-2021,east
pink morsel,$1398,03-04-2021,west
pink morsel,$1488,04-04-2021,north
pink morsel,$1473,04-04-2021,south
pink morsel,$1299,04-04-2021,east
pink morsel,$1413,04-04-2021,west
pink morsel,$1362,05-04-2021,north
pink morsel,$1449,05-04-2021,south
pink morsel,$1290,05-04-2021,east
pink morsel,$1329,05-04-2021,west
pink morsel,$1464,06-04-2021,north
pink morsel,$1461,06-04-2021,south
pink morsel,$1353,06-04-2021,east
pink morsel,$1356,06-04-2021,west
pink morsel,$1212,07-04-2021,north
pink morsel,$1275,07-04-2021,south
pink morsel,$1272,07-04-2021,east
pink morsel,$1242,07-04-2021,west
pink morsel,$1281,08-04-2021,north
pink morsel,$1230,08-04-2021,south
pink morsel,$1440,08-04-2021,east
pink morsel,$1224,08-04-2021,west
pink morsel,$1359,09-04-2021,north
pink morsel,$1404,09-04-2021,south
pink morsel,$1347,09-04-2021,east
pink morsel,$1470,09-04-2021,west
pink morsel,$1431,10-04-2021,north
pink morsel,$1353,10-04-2021,south
pink morsel,$1239,10-04-2021,east
pink morsel,$1377,10-04-2021,west
pink morsel,$1449,11-04-2021,north
pink morsel,$1413,11-04-2021,south
pink morsel,$1455,11-04-2021,east
pink morsel,$1290,11-04-2021,west
pink morsel,$1371,12-04-2021,north
pink morsel,$1389,12-04-2021,south
pink morsel,$1248,12-04-2021,east
pink morsel,$1383,12-04-2021,west
pink morsel,$1269,13-04-2021,north
pink morsel,$1428,13-04-2021,south
pink morsel,$1317,13-04-2021,east
pink morsel,$1395,13-04-2021,west
pink morsel,$1227,14-04-2021,north
pink morsel,$1422,14-04-2021,south
pink morsel,$1491,14-04-2021,east
pink morsel,$1251,14-04-2021,west
pink morsel,$1311,15-04-2021,north
pink morsel,$1365,15-04-2021,south
pink morsel,$1230,15-04-2021,east
pink morsel,$1392,15-04-2021,west
pink morsel,$1401,16-04-2021,north
pink morsel,$1449,16-04-2021,south
pink morsel,$1269,16-04-2021,east
pink morsel,$1428,16-04-2021,west
pink morsel,$1425,17-04-2021,north
pink morsel,$1350,17-04-2021,south
pink morsel,$1449,17-04-2021,east
pink morsel,$1437,17-04-2021,west
pink morsel,$1203,18-04-2021,north
pink morsel,$1329,18-04-2021,south
pink morsel,$1443,18-04-2021,east
pink morsel,$1359,18-04-2021,west
pink morsel,$1296,19-04-2021,north
pink morsel,$1269,19-04-2021,south
pink morsel,$1305,19-04-2021,east
pink morsel,$1452,19-04-2021,west
pink morsel,$1374,20-04-2021,north
pink morsel,$1269,20-04-2021,south
pink morsel,$1266,20-04-2021,east
pink morsel,$1437,20-04-2021,west
pink morsel,$1440,21-04-2021,north
pink morsel,$1317,21-04-2021,south
pink morsel,$1257,21-04-2021,east
pink morsel,$1398,21-04-2021,west
pink morsel,$1341,22-04-2021,north
pink morsel,$1317,22-04-2021,south
pink morsel,$1488,22-04-2021,east
pink morsel,$1362,22-04-2021,west
pink morsel,$1368,23-04-2021,north
pink morsel,$1239,23-04-2021,south
pink morsel,$1239,23-04-2021,east
pink morsel,$1356,23-04-2021,west
pink morsel,$1464,24-04-2021,north
pink morsel,$1278,24-04-2021,south
pink morsel,$1407,24-04-2021,east
pink morsel,$1212,24-04-2021,west
pink morsel,$1365,25-04-2021,north
pink morsel,$1425,25-04-2021,south
pink morsel,$1404,25-04-2021,east
pink morsel,$1380,25-04-2021,west
pink morsel,$1356,26-04-2021,north
pink morsel,$1377,26-04-2021,south
pink morsel,$1377,26-04-2021,east
pink morsel,$1269,26-04-2021,west
pink morsel,$1257,27-04-2021,north
pink morsel,$1206,27-04-2021,south
pink morsel,$1347,27-04-2021,east
pink morsel,$1347,27-04-2021,west
pink morsel,$1431,28-04-2021,north
pink morsel,$1338,28-04-2021,south
pink morsel,$1371,28-04-2021,east
pink morsel,$1269,28-04-2021,west
pink morsel,$1290,29-04-2021,north
pink morsel,$1239,29-04-2021,south
pink morsel,$1266,29-04-2021,east
pink morsel,$1305,29-04-2021,west
pink morsel,$1392,30-04-2021,north
pink morsel,$1461,30-04-2021,south
pink morsel,$1230,30-04-2021,east
pink morsel,$1299,30-04-2021,west
pink morsel,$1476,01-05-2021,north
pink morsel,$1299,01-05-2021,south
pink morsel,$1266,01-05-2021,east
pink morsel,$1392,01-05-2021,west
pink morsel,$1383,02-05-2021,north
pink morsel,$1287,02-05-2021,south
pink morsel,$1476,02-05-2021,east
pink morsel,$1356,02-05-2021,west
pink morsel,$1413,03-05-2021,north
pink morsel,$1242,03-05-2021,south
pink morsel,$1473,03-05-2021,east
pink morsel,$1254,03-05-2021,west
pink morsel,$1362,04-05-2021,north
pink morsel,$1455,04-05-2021,south
pink morsel,$1449,04-05-2021,east
pink morsel,$1239,04-05-2021,west
pink morsel,$1389,05-05-2021,north
pink morsel,$1272,05-05-2021,south
pink morsel,$1398,05-05-2021,east
pink morsel,$1377,05-05-2021,west
pink morsel,$1272,06-05-2021,north
pink morsel,$1230,06-05-2021,south
pink morsel,$1284,06-05-2021,east
pink morsel,$1338,06-05-2021,west
pink morsel,$1254,07-05-2021,north
pink morsel,$1401,07-05-2021,south
pink morsel,$1275,07-05-2021,east
pink morsel,$1428,07-05-2021,west
pink morsel,$1254,08-05-2021,north
pink morsel,$1494,08-05-2021,south
pink morsel,$1320,08-05-2021,east
pink morsel,$1227,08-05-2021,west
pink morsel,$1284,09-05-2021,north
pink morsel,$1269,09-05-2021,south
pink morsel,$1227,09-05-2021,east
pink morsel,$1431,09-05-2021,west
pink morsel,$1350,10-05-2021,north
pink morsel,$1395,10-05-2021,south
pink morsel,$1395,10-05-2021,east
pink morsel,$1440,10-05-2021,west
pink morsel,$1272,11-05-2021,north
pink morsel,$1299,11-05-2021,south
pink morsel,$1305,11-05-2021,east
pink morsel,$1314,11-05-2021,west
pink morsel,$1293,12-05-2021,north
pink morsel,$1395,12-05-2021,south
pink morsel,$1215,12-05-2021,east
pink morsel,$1473,12-05-2021,west
pink morsel,$1398,13-05-2021,north
pink morsel,$1326,13-05-2021,south
pink morsel,$1206,13-05-2021,east
pink morsel,$1392,13-05-2021,west
pink morsel,$1281,14-05-2021,north
pink morsel,$1500,14-05-2021,south
pink morsel,$1284,14-05-2021,east
pink morsel,$1314,14-05-2021,west
pink morsel,$1344,15-05-2021,north
pink morsel,$1308,15-05-2021,south
pink morsel,$1212,15-05-2021,east
pink morsel,$1434,15-05-2021,west
pink morsel,$1425,16-05-2021,north
pink morsel,$1230,16-05-2021,south
pink morsel,$1248,16-05-2021,east
pink morsel,$1233,16-05-2021,west
pink morsel,$1212,17-05-2021,north
pink morsel,$1482,17-05-2021,south
pink morsel,$1332,17-05-2021,east
pink morsel,$1353,17-05-2021,west
pink morsel,$1311,18-05-2021,north
pink morsel,$1473,18-05-2021,south
pink morsel,$1362,18-05-2021,east
pink morsel,$1449,18-05-2021,west
pink morsel,$1440,19-05-2021,north
pink morsel,$1380,19-05-2021,south
pink morsel,$1305,19-05-2021,east
pink morsel,$1212,19-05-2021,west
pink morsel,$1317,20-05-2021,north
pink morsel,$1230,20-05-2021,south
pink morsel,$1233,20-05-2021,east
pink morsel,$1380,20-05-2021,west
pink morsel,$1488,21-05-2021,north
pink morsel,$1344,21-05-2021,south
pink morsel,$1215,21-05-2021,east
pink morsel,$1488,21-05-2021,west
pink morsel,$1458,22-05-2021,north
pink morsel,$1260,22-05-2021,south
pink morsel,$1452,22-05-2021,east
pink morsel,$1446,22-05-2021,west
pink morsel,$1293,23-05-2021,north
pink morsel,$1407,23-05-2021,south
pink morsel,$1227,23-05-2021,east
pink morsel,$1344,23-05-2021,west
pink morsel,$1434,24-05-2021,north
pink morsel,$1326,24-05-2021,south
pink morsel,$1263,24-05-2021,east
pink morsel,$1245,24-05-2021,west
pink morsel,$1212,25-05-2021,north
pink morsel,$1263,25-05-2021,south
pink morsel,$1377,25-05-2021,east
pink morsel,$1203,25-05-2021,west
pink morsel,$1485,26-05-2021,north
pink morsel,$1326,26-05-2021,south
pink morsel,$1224,26-05-2021,east
pink morsel,$1251,26-05-2021,west
pink morsel,$1248,27-05-2021,north
pink morsel,$1356,27-05-2021,south
pink morsel,$1407,27-05-2021,east
pink morsel,$1296,27-05-2021,west
pink morsel,$1323,28-05-2021,north
pink morsel,$1233,28-05-2021,south
pink morsel,$1368,28-05-2021,east
pink morsel,$1323,28-05-2021,west
pink morsel,$1290,29-05-2021,north
pink morsel,$1470,29-05-2021,south
pink morsel,$1203,29-05-2021,east
pink morsel,$1269,29-05-2021,west
pink morsel,$1428,30-05-2021,north
pink morsel,$1335,30-05-2021,south
pink morsel,$1491,30-05-2021,east
pink morsel,$1386,30-05-2021,west
pink morsel,$1437,31-05-2021,north
pink morsel,$1257,31-05-2021,south
pink morsel,$1332,31-05-2021,east
pink morsel,$1278,31-05-2021,west
pink morsel,$1284,01-06-2021,north
pink morsel,$1470,01-06-2021,south
pink morsel,$1233,01-06-2021,east
pink morsel,$1329,01-06-2021,west
pink morsel,$1209,02-06-2021,north
pink morsel,$1410,02-06-2021,south
pink morsel,$1203,02-06-2021,east
pink morsel,$1209,02-06-2021,west
pink morsel,$1425,03-06-2021,north
pink morsel,$1215,03-06-2021,south
pink morsel,$1425,03-06-2021,east
pink morsel,$1380,03-06-2021,west
pink morsel,$1443,04-06-2021,north
pink morsel,$1281,04-06-2021,south
pink morsel,$1389,04-06-2021,east
pink morsel,$1380,04-06-2021,west
pink morsel,$1455,05-06-2021,north
pink morsel,$1440,05-06-2021,south
pink morsel,$1347,05-06-2021,east
pink morsel,$1251,05-06-2021,west
pink morsel,$1212,06-06-2021,north
pink morsel,$1314,06-06-2021,south
pink morsel,$1470,06-06-2021,east
pink morsel,$1347,06-06-2021,west
pink morsel,$1434,07-06-2021,north
pink morsel,$1212,07-06-2021,south
pink morsel,$1416,07-06-2021,east
pink morsel,$1242,07-06-2021,west
pink morsel,$1374,08-06-2021,north
pink morsel,$1221,08-06-2021,south
pink morsel,$1470,08-06-2021,east
pink morsel,$1272,08-06-2021,west
pink morsel,$1488,09-06-2021,north
pink morsel,$1500,09-06-2021,south
pink morsel,$1419,09-06-2021,east
pink morsel,$1398,09-06-2021,west
pink morsel,$1368,10-06-2021,north
pink morsel,$1209,10-06-2021,south
pink morsel,$1500,10-06-2021,east
pink morsel,$1443,10-06-2021,west
pink morsel,$1431,11-06-2021,north
pink morsel,$1254,11-06-2021,south
pink morsel,$1380,11-06-2021,east
pink morsel,$1410,11-06-2021,west
pink morsel,$1257,12-06-2021,north
pink morsel,$1425,12-06-2021,south
pink morsel,$1362,12-06-2021,east
pink morsel,$1419,12-06-2021,west
pink morsel,$1323,13-06-2021,north
pink morsel,$1356,13-06-2021,south
pink morsel,$1281,13-06-2021,east
pink morsel,$1368,13-06-2021,west
pink morsel,$1491,14-06-2021,north
pink morsel,$1215,14-06-2021,south
pink morsel,$1476,14-06-2021,east
pink morsel,$1371,14-06-2021,west
pink morsel,$1254,15-06-2021,north
pink morsel,$1245,15-06-2021,south
pink morsel,$1275,15-06-2021,east
pink morsel,$1251,15-06-2021,west
pink morsel,$1446,16-06-2021,north
pink morsel,$1359,16-06-2021,south
pink morsel,$1287,16-06-2021,east
pink morsel,$1392,16-06-2021,west
pink morsel,$1356,17-06-2021,north
pink morsel,$1476,17-06-2021,south
pink morsel,$1236,17-06-2021,east
pink morsel,$1272,17-06-2021,west
pink morsel,$1395,18-06-2021,north
pink morsel,$1365,18-06-2021,south
pink morsel,$1371,18-06-2021,east
pink morsel,$1290,18-06-2021,west
pink morsel,$1296,19-06-2021,north
pink morsel,$1212,19-06-2021,south
pink morsel,$1458,19-06-2021,east
pink morsel,$1215,19-06-2021,west
pink morsel,$1368,20-06-2021,north
pink morsel,$1455,20-06-2021,south
pink morsel,$1338,20-06-2021,east
pink morsel,$1296,20-06-2021,west
pink morsel,$1416,21-06-2021,north
pink morsel,$1383,21-06-2021,south
pink morsel,$1263,21-06-2021,east
pink morsel,$1374,21-06-2021,west
pink morsel,$1368,22-06-2021,north
pink morsel,$1206,22-06-2021,south
pink morsel,$1257,22-06-2021,east
pink morsel,$1362,22-06-2021,west
pink morsel,$1248,23-06-2021,north
pink morsel,$1407,23-06-2021,south
pink morsel,$1344,23-06-2021,east
pink morsel,$1455,23-06-2021,west
pink morsel,$1434,24-06-2021,north
pink morsel,$1293,24-06-2021,south
pink morsel,$1236,24-06-2021,east
pink morsel,$1233,24-06-2021,west
pink morsel,$1284,25-06-2021,north
pink morsel,$1404,25-06-2021,south
pink morsel,$1218,25-06-2021,east
pink morsel,$1386,25-06-2021,west
pink morsel,$1239,26-06-2021,north
pink morsel,$1398,26-06-2021,south
pink morsel,$1287,26-06-2021,east
pink morsel,$1230,26-06-2021,west
pink morsel,$1257,27-06-2021,north
pink morsel,$1476,27-06-2021,south
pink morsel,$1317,27-06-2021,east
pink morsel,$1212,27-06-2021,west
pink morsel,$1311,28-06-2021,north
pink morsel,$1314,28-06-2021,south
pink morsel,$1230,28-06-2021,east
pink morsel,$1227,28-06-2021,west
pink morsel,$1293,29-06-2021,north
pink morsel,$1281,29-06-2021,south
pink morsel,$1368,29-06-2021,east
pink morsel,$1491,29-06-2021,west
pink morsel,$1224,30-06-2021,north
pink morsel,$1278,30-06-2021,south
pink morsel,$1494,30-06-2021,east
pink morsel,$1296,30-06-2021,west
pink morsel,$1239,01-07-2021,north
pink morsel,$1413,01-07-2021,south
pink morsel,$1323,01-07-2021,east
pink morsel,$1359,01-07-2021,west
pink morsel,$1203,02-07-2021,north
pink morsel,$1470,02-07-2021,south
pink morsel,$1500,02-07-2021,east
pink morsel,$1467,02-07-2021,west
pink morsel,$1476,03-07-2021,north
pink morsel,$1236,03-07-2021,south
pink morsel,$1254,03-07-2021,east
pink morsel,$1449,03-07-2021,west
pink morsel,$1437,04-07-2021,north
pink morsel,$1422,04-07-2021,south
pink morsel,$1266,04-07-2021,east
pink morsel,$1437,04-07-2021,west
pink morsel,$1323,05-07-2021,north
pink morsel,$1347,05-07-2021,south
pink morsel,$1398,05-07-2021,east
pink morsel,$1206,05-07-2021,west
pink morsel,$1458,06-07-2021,north
pink morsel,$1275,06-07-2021,south
pink morsel,$1341,06-07-2021,east
pink morsel,$1305,06-07-2021,west
pink morsel,$1476,07-07-2021,north
pink morsel,$1500,07-07-2021,south
pink morsel,$1389,07-07-2021,east
pink morsel,$1272,07-07-2021,west
pink morsel,$1224,08-07-2021,north
pink morsel,$1455,08-07-2021,south
pink morsel,$1425,08-07-2021,east
pink morsel,$1248,08-07-2021,west
pink morsel,$1263,09-07-2021,north
pink morsel,$1344,09-07-2021,south
pink morsel,$1209,09-07-2021,east
pink morsel,$1302,09-07-2021,west
pink morsel,$1317,10-07-2021,north
pink morsel,$1464,10-07-2021,south
pink morsel,$1224,10-07-2021,east
pink morsel,$1356,10-07-2021,west
pink morsel,$1302,11-07-2021,north
pink morsel,$1320,11-07-2021,south
pink morsel,$1356,11-07-2021,east
pink morsel,$1437,11-07-2021,west
pink morsel,$1206,12-07-2021,north
pink morsel,$1203,12-07-2021,south
pink morsel,$1350,12-07-2021,east
pink morsel,$1206,12-07-2021,west
pink morsel,$1287,13-07-2021,north
pink morsel,$1263,13-07-2021,south
pink morsel,$1359,13-07-2021,east
pink morsel,$1212,13-07-2021,west
pink morsel,$1377,14-07-2021,north
pink morsel,$1398,14-07-2021,south
pink morsel,$1368,14-07-2021,east
pink morsel,$1227,14-07-2021,west
pink morsel,$1425,15-07-2021,north
pink morsel,$1422,15-07-2021,south
pink morsel,$1353,15-07-2021,east
pink morsel,$1383,15-07-2021,west
pink morsel,$1464,16-07-2021,north
pink morsel,$1212,16-07-2021,south
pink morsel,$1221,16-07-2021,east
pink morsel,$1293,16-07-2021,west
pink morsel,$1287,17-07-2021,north
pink morsel,$1248,17-07-2021,south
pink morsel,$1407,17-07-2021,east
pink morsel,$1338,17-07-2021,west
pink morsel,$1425,18-07-2021,north
pink morsel,$1299,18-07-2021,south
pink morsel,$1305,18-07-2021,east
pink morsel,$1431,18-07-2021,west
pink morsel,$1377,19-07-2021,north
pink morsel,$1302,19-07-2021,south
pink morsel,$1224,19-07-2021,east
pink morsel,$1323,19-07-2021,west
pink morsel,$1461,20-07-2021,north
pink morsel,$1428,20-07-2021,south
pink morsel,$1467,20-07-2021,east
pink morsel,$1434,20-07-2021,west
pink morsel,$1269,21-07-2021,north
pink morsel,$1365,21-07-2021,south
pink morsel,$1320,21-07-2021,east
pink morsel,$1383,21-07-2021,west
pink morsel,$1368,22-07-2021,north
pink morsel,$1284,22-07-2021,south
pink morsel,$1323,22-07-2021,east
pink morsel,$1470,22-07-2021,west
pink morsel,$1236,23-07-2021,north
pink morsel,$1320,23-07-2021,south
pink morsel,$1434,23-07-2021,east
pink morsel,$1245,23-07-2021,west
pink morsel,$1209,24-07-2021,north
pink morsel,$1341,24-07-2021,south
pink morsel,$1416,24-07-2021,east
pink morsel,$1275,24-07-2021,west
pink morsel,$1341,25-07-2021,north
pink morsel,$1470,25-07-2021,south
pink morsel,$1293,25-07-2021,east
pink morsel,$1368,25-07-2021,west
pink morsel,$1371,26-07-2021,north
pink morsel,$1437,26-07-2021,south
pink morsel,$1416,26-07-2021,east
pink morsel,$1374,26-07-2021,west
pink morsel,$1464,27-07-2021,north
pink morsel,$1389,27-07-2021,south
pink morsel,$1248,27-07-2021,east
pink morsel,$1470,27-07-2021,west
pink morsel,$1299,28-07-2021,north
pink morsel,$1431,28-07-2021,south
pink morsel,$1206,28-07-2021,east
pink morsel,$1455,28-07-2021,west
pink morsel,$1275,29-07-2021,north
pink morsel,$1275,29-07-2021,south
pink morsel,$1341,29-07-2021,east
pink morsel,$1416,29-07-2021,west
pink morsel,$1203,30-07-2021,north
pink morsel,$1320,30-07-2021,south
pink morsel,$1293,30-07-2021,east
pink morsel,$1347,30-07-2021,west
pink morsel,$1332,31-07-2021,north
pink morsel,$1335,31-07-2021,south
pink morsel,$1290,31-07-2021,east
pink morsel,$1287,31-07-2021,west
pink morsel,$1242,01-08-2021,north
pink morsel,$1359,01-08-2021,south
pink morsel,$1233,01-08-2021,east
pink morsel,$1299,01-08-2021,west
pink morsel,$1368,02-08-2021,north
pink morsel,$1365,02-08-2021,south
pink morsel,$1320,02-08-2021,east
pink morsel,$1494,02-08-2021,west
pink morsel,$1410,03-08-2021,north
pink morsel,$1245,03-08-2021,south
pink morsel,$1350,03-08-2021,east
pink morsel,$1389,03-08-2021,west
pink morsel,$1488,04-08-2021,north
pink morsel,$1242,04-08-2021,south
pink morsel,$1470,04-08-2021,east
pink morsel,$1206,04-08-2021,west
pink morsel,$1452,05-08-2021,north
pink morsel,$1329,05-08-2021,south
pink morsel,$1278,05-08-2021,east
pink morsel,$1239,05-08-2021,west
pink morsel,$1236,06-08-2021,north
pink morsel,$1230,06-08-2021,south
pink morsel,$1482,06-08-2021,east
pink morsel,$1377,06-08-2021,west
pink morsel,$1338,07-08-2021,north
pink morsel,$1218,07-08-2021,south
pink morsel,$1386,07-08-2021,east
pink morsel,$1449,07-08-2021,west
pink morsel,$1488,08-08-2021,north
pink morsel,$1338,08-08-2021,south
pink morsel,$1416,08-08-2021,east
pink morsel,$1440,08-08-2021,west
pink morsel,$1299,09-08-2021,north
pink morsel,$1431,09-08-2021,south
pink morsel,$1344,09-08-2021,east
pink morsel,$1236,09-08-2021,west
pink morsel,$1377,10-08-2021,north
pink morsel,$1308,10-08-2021,south
pink morsel,$1245,10-08-2021,east
pink morsel,$1425,10-08-2021,west
pink morsel,$1350,11-08-2021,north
pink morsel,$1350,11-08-2021,south
pink morsel,$1407,11-08-2021,east
pink morsel,$1248,11-08-2021,west
pink morsel,$1497,12-08-2021,north
pink morsel,$1260,12-08-2021,south
pink morsel,$1458,12-08-2021,east
pink morsel,$1242,12-08-2021,west
pink morsel,$1371,13-08-2021,north
pink morsel,$1341,13-08-2021,south
pink morsel,$1488,13-08-2021,east
pink morsel,$1455,13-08-2021,west
pink morsel,$1257,14-08-2021,north
pink morsel,$1281,14-08-2021,south
pink morsel,$1398,14-08-2021,east
pink morsel,$1212,14-08-2021,west
pink morsel,$1236,15-08-2021,north
pink morsel,$1284,15-08-2021,south
pink morsel,$1482,15-08-2021,east
pink morsel,$1491,15-08-2021,west
pink morsel,$1224,16-08-2021,north
pink morsel,$1293,16-08-2021,south
pink morsel,$1272,16-08-2021,east
pink morsel,$1281,16-08-2021,west
pink morsel,$1437,17-08-2021,north
pink morsel,$1485,17-08-2021,south
pink morsel,$1416,17-08-2021,east
pink morsel,$1305,17-08-2021,west
pink morsel,$1494,18-08-2021,north
pink morsel,$1245,18-08-2021,south
pink morsel,$1395,18-08-2021,east
pink morsel,$1467,18-08-2021,west
pink morsel,$1248,19-08-2021,north
pink morsel,$1422,19-08-2021,south
pink morsel,$1335,19-08-2021,east
pink morsel,$1497,19-08-2021,west
pink morsel,$1296,20-08-2021,north
pink morsel,$1317,20-08-2021,south
pink morsel,$1389,20-08-2021,east
pink morsel,$1302,20-08-2021,west
pink morsel,$1338,21-08-2021,north
pink morsel,$1257,21-08-2021,south
pink morsel,$1230,21-08-2021,east
pink morsel,$1494,21-08-2021,west
pink morsel,$1257,22-08-2021,north
pink morsel,$1308,22-08-2021,south
pink morsel,$1245,22-08-2021,east
pink morsel,$1485,22-08-2021,west
pink morsel,$1212,23-08-2021,north
pink morsel,$1200,23-08-2021,south
pink morsel,$1326,23-08-2021,east
pink morsel,$1293,23-08-2021,west
pink morsel,$1329,24-08-2021,north
pink morsel,$1485,24-08-2021,south
pink morsel,$1359,24-08-2021,east
pink morsel,$1218,24-08-2021,west
pink morsel,$1212,25-08-2021,north
pink morsel,$1344,25-08-2021,south
pink morsel,$1200,25-08-2021,east
pink morsel,$1290,25-08-2021,west
pink morsel,$1422,26-08-2021,north
pink morsel,$1308,26-08-2021,south
pink morsel,$1482,26-08-2021,east
pink morsel,$1290,26-08-2021,west
pink morsel,$1302,27-08-2021,north
pink morsel,$1356,27-08-2021,south
pink morsel,$1284,27-08-2021,east
pink morsel,$1227,27-08-2021,west
pink morsel,$1494,28-08-2021,north
pink morsel,$1392,28-08-2021,south
pink morsel,$1338,28-08-2021,east
pink morsel,$1464,28-08-2021,west
pink morsel,$1311,29-08-2021,north
pink morsel,$1410,29-08-2021,south
pink morsel,$1467,29-08-2021,east
pink morsel,$1419,29-08-2021,west
pink morsel,$1239,30-08-2021,north
pink morsel,$1209,30-08-2021,south
pink morsel,$1296,30-08-2021,east
pink morsel,$1380,30-08-2021,west
pink morsel,$1227,31-08-2021,north
pink morsel,$1464,31-08-2021,south
pink morsel,$1299,31-08-2021,east
pink morsel,$1308,31-08-2021,west
pink morsel,$1398,01-09-2021,north
pink morsel,$1344,01-09-2021,south
pink morsel,$1272,01-09-2021,east
pink morsel,$1497,01-09-2021,west
pink morsel,$1248,02-09-2021,north
pink morsel,$1449,02-09-2021,south
pink morsel,$1251,02-09-2021,east
pink morsel,$1440,02-09-2021,west
pink morsel,$1353,03-09-2021,north
pink morsel,$1347,03-09-2021,south
pink morsel,$1212,03-09-2021,east
pink morsel,$1362,03-09-2021,west
pink morsel,$1437,04-09-2021,north
pink morsel,$1299,04-09-2021,south
pink morsel,$1212,04-09-2021,east
pink morsel,$1281,04-09-2021,west
pink morsel,$1398,05-09-2021,north
pink morsel,$1374,05-09-2021,south
pink morsel,$1227,05-09-2021,east
pink morsel,$1353,05-09-2021,west
pink morsel,$1407,06-09-2021,north
pink morsel,$1311,06-09-2021,south
pink morsel,$1401,06-09-2021,east
pink morsel,$1380,06-09-2021,west
pink morsel,$1224,07-09-2021,north
pink morsel,$1233,07-09-2021,south
pink morsel,$1362,07-09-2021,east
pink morsel,$1401,07-09-2021,west
pink morsel,$1455,08-09-2021,north
pink morsel,$1467,08-09-2021,south
pink morsel,$1488,08-09-2021,east
pink morsel,$1488,08-09-2021,west
pink morsel,$1200,09-09-2021,north
pink morsel,$1245,09-09-2021,south
pink morsel,$1407,09-09-2021,east
pink morsel,$1347,09-09-2021,west
pink morsel,$1242,10-09-2021,north
pink morsel,$1419,10-09-2021,south
pink morsel,$1209,10-09-2021,east
pink morsel,$1425,10-09-2021,west
pink morsel,$1362,11-09-2021,north
pink morsel,$1209,11-09-2021,south
pink morsel,$1200,11-09-2021,east
pink morsel,$1377,11-09-2021,west
pink morsel,$1461,12-09-2021,north
pink morsel,$1491,12-09-2021,south
pink morsel,$1470,12-09-2021,east
pink morsel,$1323,12-09-2021,west
pink morsel,$1449,13-09-2021,north
pink morsel,$1464,13-09-2021,south
pink morsel,$1494,13-09-2021,east
pink morsel,$1449,13-09-2021,west
pink morsel,$1356,14-09-2021,north
pink morsel,$1431,14-09-2021,south
pink morsel,$1368,14-09-2021,east
pink morsel,$1326,14-09-2021,west
pink morsel,$1242,15-09-2021,north
pink morsel,$1263,15-09-2021,south
pink morsel,$1455,15-09-2021,east
pink morsel,$1359,15-09-2021,west
pink morsel,$1314,16-09-2021,north
pink morsel,$1266,16-09-2021,south
pink morsel,$1269,16-09-2021,east
pink morsel,$1473,16-09-2021,west
pink morsel,$1362,17-09-2021,north
pink morsel,$1410,17-09-2021,south
pink morsel,$1419,17-09-2021,east
pink morsel,$1362,17-09-2021,west
pink morsel,$1320,18-09-2021,north
pink morsel,$1500,18-09-2021,south
pink morsel,$1455,18-09-2021,east
pink morsel,$1374,18-09-2021,west
pink morsel,$1476,19-09-2021,north
pink morsel,$1311,19-09-2021,south
pink morsel,$1434,19-09-2021,east
pink morsel,$1305,19-09-2021,west
pink morsel,$1488,20-09-2021,north
pink morsel,$1431,20-09-2021,south
pink morsel,$1290,20-09-2021,east
pink morsel,$1335,20-09-2021,west
pink morsel,$1437,21-09-2021,north
pink morsel,$1437,21-09-2021,south
pink morsel,$1467,21-09-2021,east
pink morsel,$1377,21-09-2021,west
pink morsel,$1371,22-09-2021,north
pink morsel,$1257,22-09-2021,south
pink morsel,$1386,22-09-2021,east
pink morsel,$1272,22-09-2021,west
pink morsel,$1245,23-09-2021,north
pink morsel,$1434,23-09-2021,south
pink morsel,$1491,23-09-2021,east
pink morsel,$1485,23-09-2021,west
pink morsel,$1335,24-09-2021,north
pink morsel,$1395,24-09-2021,south
pink morsel,$1317,24-09-2021,east
pink morsel,$1446,24-09-2021,west
pink morsel,$1371,25-09-2021,north
pink morsel,$1200,25-09-2021,south
pink morsel,$1407,25-09-2021,east
pink morsel,$1440,25-09-2021,west
pink morsel,$1356,26-09-2021,north
pink morsel,$1380,26-09-2021,south
pink morsel,$1290,26-09-2021,east
pink morsel,$1320,26-09-2021,west
pink morsel,$1284,27-09-2021,north
pink morsel,$1419,27-09-2021,south
pink morsel,$1254,27-09-2021,east
pink morsel,$1269,27-09-2021,west
pink morsel,$1242,28-09-2021,north
pink morsel,$1251,28-09-2021,south
pink morsel,$1461,28-09-2021,east
pink morsel,$1269,28-09-2021,west
pink morsel,$1404,29-09-2021,north
pink morsel,$1335,29-09-2021,south
pink morsel,$1284,29-09-2021,east
pink morsel,$1344,29-09-2021,west
pink morsel,$1200,30-09-2021,north
pink morsel,$1305,30-09-2021,south
pink morsel,$1212,30-09-2021,east
pink morsel,$1455,30-09-2021,west
pink morsel,$1410,01-10-2021,north
pink morsel,$1329,01-10-2021,south
pink morsel,$1407,01-10-2021,east
pink morsel,$1416,01-10-2021,west
pink morsel,$1422,02-10-2021,north
pink morsel,$1308,02-10-2021,south
pink morsel,$1200,02-10-2021,east
pink morsel,$1341,02-10-2021,west
pink morsel,$1233,03-10-2021,north
pink morsel,$1359,03-10-2021,south
pink morsel,$1299,03-10-2021,east
pink morsel,$1299,03-10-2021,west
pink morsel,$1281,04-10-2021,north
pink morsel,$1437,04-10-2021,south
pink morsel,$1344,04-10-2021,east
pink morsel,$1377,04-10-2021,west
pink morsel,$1455,05-10-2021,north
pink morsel,$1353,05-10-2021,south
pink morsel,$1287,05-10-2021,east
pink morsel,$1200,05-10-2021,west
pink morsel,$1254,06-10-2021,north
pink morsel,$1434,06-10-2021,south
pink morsel,$1272,06-10-2021,east
pink morsel,$1443,06-10-2021,west
pink morsel,$1422,07-10-2021,north
pink morsel,$1248,07-10-2021,south
pink morsel,$1296,07-10-2021,east
pink morsel,$1362,07-10-2021,west
pink morsel,$1473,08-10-2021,north
pink morsel,$1416,08-10-2021,south
pink morsel,$1251,08-10-2021,east
pink morsel,$1227,08-10-2021,west
pink morsel,$1356,09-10-2021,north
pink morsel,$1380,09-10-2021,south
pink morsel,$1239,09-10-2021,east
pink morsel,$1215,09-10-2021,west
pink morsel,$1440,10-10-2021,north
pink morsel,$1353,10-10-2021,south
pink morsel,$1401,10-10-2021,east
pink morsel,$1476,10-10-2021,west
pink morsel,$1272,11-10-2021,north
pink morsel,$1338,11-10-2021,south
pink morsel,$1317,11-10-2021,east
pink morsel,$1323,11-10-2021,west
pink morsel,$1263,12-10-2021,north
pink morsel,$1263,12-10-2021,south
pink morsel,$1239,12-10-2021,east
pink morsel,$1203,12-10-2021,west
pink morsel,$1323,13-10-2021,north
pink morsel,$1497,13-10-2021,south
pink morsel,$1275,13-10-2021,east
pink morsel,$1446,13-10-2021,west
pink morsel,$1392,14-10-2021,north
pink morsel,$1206,14-10-2021,south
pink morsel,$1398,14-10-2021,east
pink morsel,$1365,14-10-2021,west
pink morsel,$1383,15-10-2021,north
pink morsel,$1455,15-10-2021,south
pink morsel,$1386,15-10-2021,east
pink morsel,$1254,15-10-2021,west
pink morsel,$1491,16-10-2021,north
pink morsel,$1449,16-10-2021,south
pink morsel,$1437,16-10-2021,east
pink morsel,$1254,16-10-2021,west
pink morsel,$1206,17-10-2021,north
pink morsel,$1251,17-10-2021,south
pink morsel,$1350,17-10-2021,east
pink morsel,$1470,17-10-2021,west
pink morsel,$1338,18-10-2021,north
pink morsel,$1386,18-10-2021,south
pink morsel,$1203,18-10-2021,east
pink morsel,$1215,18-10-2021,west
pink morsel,$1251,19-10-2021,north
pink morsel,$1365,19-10-2021,south
pink morsel,$1332,19-10-2021,east
pink morsel,$1437,19-10-2021,west
pink morsel,$1242,20-10-2021,north
pink morsel,$1326,20-10-2021,south
pink morsel,$1374,20-10-2021,east
pink morsel,$1428,20-10-2021,west
pink morsel,$1485,21-10-2021,north
pink morsel,$1305,21-10-2021,south
pink morsel,$1209,21-10-2021,east
pink morsel,$1269,21-10-2021,west
pink morsel,$1218,22-10-2021,north
pink morsel,$1440,22-10-2021,south
pink morsel,$1308,22-10-2021,east
pink morsel,$1407,22-10-2021,west
pink morsel,$1491,23-10-2021,north
pink morsel,$1335,23-10-2021,south
pink morsel,$1257,23-10-2021,east
pink morsel,$1410,23-10-2021,west
pink morsel,$1389,24-10-2021,north
pink morsel,$1293,24-10-2021,south
pink morsel,$1383,24-10-2021,east
pink morsel,$1350,24-10-2021,west
pink morsel,$1482,25-10-2021,north
pink morsel,$1281,25-10-2021,south
pink morsel,$1353,25-10-2021,east
pink morsel,$1362,25-10-2021,west
pink morsel,$1446,26-10-2021,north
pink morsel,$1494,26-10-2021,south
pink morsel,$1350,26-10-2021,east
pink morsel,$1332,26-10-2021,west
pink morsel,$1287,27-10-2021,north
pink morsel,$1287,27-10-2021,south
pink morsel,$1470,27-10-2021,east
pink morsel,$1254,27-10-2021,west
pink morsel,$1299,28-10-2021,north
pink morsel,$1413,28-10-2021,south
pink morsel,$1389,28-10-2021,east
pink morsel,$1380,28-10-2021,west
pink morsel,$1335,29-10-2021,north
pink morsel,$1305,29-10-2021,south
pink morsel,$1461,29-10-2021,east
pink morsel,$1221,29-10-2021,west
pink morsel,$1458,30-10-2021,north
pink morsel,$1308,30-10-2021,south
pink morsel,$1236,30-10-2021,east
pink morsel,$1482,30-10-2021,west
pink morsel,$1440,31-10-2021,north
pink morsel,$1332,31-10-2021,south
pink morsel,$1437,31-10-2021,east
pink morsel,$1272,31-10-2021,west
pink morsel,$1248,01-11-2021,north
pink morsel,$1467,01-11-2021,south
pink morsel,$1449,01-11-2021,east
pink morsel,$1413,01-11-2021,west
pink morsel,$1443,02-11-2021,north
pink morsel,$1272,02-11-2021,south
pink morsel,$1317,02-11-2021,east
pink morsel,$1215,02-11-2021,west
pink morsel,$1383,03-11-2021,north
pink morsel,$1221,03-11-2021,south
pink morsel,$1251,03-11-2021,east
pink morsel,$1371,03-11-2021,west
pink morsel,$1323,04-11-2021,north
pink morsel,$1293,04-11-2021,south
pink morsel,$1263,04-11-2021,east
pink morsel,$1251,04-11-2021,west
pink morsel,$1485,05-11-2021,north
pink morsel,$1455,05-11-2021,south
pink morsel,$1398,05-11-2021,east
pink morsel,$1323,05-11-2021,west
pink morsel,$1341,06-11-2021,north
pink morsel,$1230,06-11-2021,south
pink morsel,$1473,06-11-2021,east
pink morsel,$1239,06-11-2021,west
pink morsel,$1326,07-11-2021,north
pink morsel,$1239,07-11-2021,south
pink morsel,$1329,07-11-2021,east
pink morsel,$1365,07-11-2021,west
pink morsel,$1203,08-11-2021,north
pink morsel,$1272,08-11-2021,south
pink morsel,$1284,08-11-2021,east
pink morsel,$1356,08-11-2021,west
pink morsel,$1299,09-11-2021,north
pink morsel,$1200,09-11-2021,south
pink morsel,$1461,09-11-2021,east
pink morsel,$1350,09-11-2021,west
pink morsel,$1491,10-11-2021,north
pink morsel,$1254,10-11-2021,south
pink morsel,$1215,10-11-2021,east
pink morsel,$1419,10-11-2021,west
pink morsel,$1290,11-11-2021,north
pink morsel,$1296,11-11-2021,south
pink morsel,$1221,11-11-2021,east
pink morsel,$1467,11-11-2021,west
pink morsel,$1410,12-11-2021,north
pink morsel,$1278,12-11-2021,south
pink morsel,$1227,12-11-2021,east
pink morsel,$1494,12-11-2021,west
pink morsel,$1389,13-11-2021,north
pink morsel,$1326,13-11-2021,south
pink morsel,$1407,13-11-2021,east
pink morsel,$1371,13-11-2021,west
pink morsel,$1335,14-11-2021,north
pink morsel,$1314,14-11-2021,south
pink morsel,$1497,14-11-2021,east
pink morsel,$1491,14-11-2021,west
pink morsel,$1263,15-11-2021,north
pink morsel,$1455,15-11-2021,south
pink morsel,$1293,15-11-2021,east
pink morsel,$1497,15-11-2021,west
pink morsel,$1491,16-11-2021,north
pink morsel,$1335,16-11-2021,south
pink morsel,$1389,16-11-2021,east
pink morsel,$1380,16-11-2021,west
pink morsel,$1299,17-11-2021,north
pink morsel,$1344,17-11-2021,south
pink morsel,$1374,17-11-2021,east
pink morsel,$1215,17-11-2021,west
pink morsel,$1248,18-11-2021,north
pink morsel,$1395,18-11-2021,south
pink morsel,$1263,18-11-2021,east
pink morsel,$1347,18-11-2021,west
pink morsel,$1308,19-11-2021,north
pink morsel,$1308,19-11-2021,south
pink morsel,$1407,19-11-2021,east
pink morsel,$1461,19-11-2021,west
pink morsel,$1494,20-11-2021,north
pink morsel,$1296,20-11-2021,south
pink morsel,$1476,20-11-2021,east
pink morsel,$1224,20-11-2021,west
pink morsel,$1206,21-11-2021,north
pink morsel,$1464,21-11-2021,south
pink morsel,$1314,21-11-2021,east
pink morsel,$1419,21-11-2021,west
pink morsel,$1287,22-11-2021,north
pink morsel,$1452,22-11-2021,south
pink morsel,$1320,22-11-2021,east
pink morsel,$1245,22-11-2021,west
pink morsel,$1245,23-11-2021,north
pink morsel,$1470,23-11-2021,south
pink morsel,$1368,23-11-2021,east
pink morsel,$1332,23-11-2021,west
pink morsel,$1446,24-11-2021,north
pink morsel,$1209,24-11-2021,south
pink morsel,$1212,24-11-2021,east
pink morsel,$1236,24-11-2021,west
pink morsel,$1446,25-11-2021,north
pink morsel,$1491,25-11-2021,south
pink morsel,$1467,25-11-2021,east
pink morsel,$1371,25-11-2021,west
pink morsel,$1494,26-11-2021,north
pink morsel,$1329,26-11-2021,south
pink morsel,$1209,26-11-2021,east
pink morsel,$1242,26-11-2021,west
pink morsel,$1302,27-11-2021,north
pink morsel,$1341,27-11-2021,south
pink morsel,$1287,27-11-2021,east
pink morsel,$1422,27-11-2021,west
pink morsel,$1221,28-11-2021,north
pink morsel,$1401,28-11-2021,south
pink morsel,$1434,28-11-2021,east
pink morsel,$1500,28-11-2021,west
pink morsel,$1308,29-11-2021,north
pink morsel,$1497,29-11-2021,south
pink morsel,$1302,29-11-2021,east
pink morsel,$1365,29-11-2021,west
pink morsel,$1359,30-11-2021,north
pink morsel,$1221,30-11-2021,south
pink morsel,$1488,30-11-2021,east
pink morsel,$1434,30-11-2021,west
pink morsel,$1449,01-12-2021,north
pink morsel,$1365,01-12-2021,south
pink morsel,$1260,01-12-2021,east
pink morsel,$1263,01-12-2021,west
pink morsel,$1398,02-12-2021,north
pink morsel,$1302,02-12-2021,south
pink morsel,$1476,02-12-2021,east
pink morsel,$1320,02-12-2021,west
pink morsel,$1335,03-12-2021,north
pink morsel,$1410,03-12-2021,south
pink morsel,$1275,03-12-2021,east
pink morsel,$1347,03-12-2021,west
pink morsel,$1215,04-12-2021,north
pink morsel,$1206,04-12-2021,south
pink morsel,$1203,04-12-2021,east
pink morsel,$1473,04-12-2021,west
pink morsel,$1278,05-12-2021,north
pink morsel,$1467,05-12-2021,south
pink morsel,$1314,05-12-2021,east
pink morsel,$1359,05-12-2021,west
pink morsel,$1428,06-12-2021,north
pink morsel,$1341,06-12-2021,south
pink morsel,$1320,06-12-2021,east
pink morsel,$1320,06-12-2021,west
pink morsel,$1254,07-12-2021,north
pink morsel,$1299,07-12-2021,south
pink morsel,$1380,07-12-2021,east
pink morsel,$1440,07-12-2021,west
pink morsel,$1281,08-12-2021,north
pink morsel,$1389,08-12-2021,south
pink morsel,$1425,08-12-2021,east
pink morsel,$1248,08-12-2021,west
pink morsel,$1362,09-12-2021,north
pink morsel,$1458,09-12-2021,south
pink morsel,$1401,09-12-2021,east
pink morsel,$1239,09-12-2021,west
pink morsel,$1341,10-12-2021,north
pink morsel,$1425,10-12-2021,south
pink morsel,$1440,10-12-2021,east
pink morsel,$1383,10-12-2021,west
pink morsel,$1386,11-12-2021,north
pink morsel,$1293,11-12-2021,south
pink morsel,$1461,11-12-2021,east
pink morsel,$1299,11-12-2021,west
pink morsel,$1335,12-12-2021,north
pink morsel,$1233,12-12-2021,south
pink morsel,$1341,12-12-2021,east
pink morsel,$1377,12-12-2021,west
pink morsel,$1224,13-12-2021,north
pink morsel,$1392,13-12-2021,south
pink morsel,$1266,13-12-2021,east
pink morsel,$1308,13-12-2021,west
pink morsel,$1416,14-12-2021,north
pink morsel,$1452,14-12-2021,south
pink morsel,$1422,14-12-2021,east
pink morsel,$1401,14-12-2021,west
pink morsel,$1491,15-12-2021,north
pink morsel,$1497,15-12-2021,south
pink morsel,$1419,15-12-2021,east
pink morsel,$1293,15-12-2021,west
pink morsel,$1431,16-12-2021,north
pink morsel,$1431,16-12-2021,south
pink morsel,$1461,16-12-2021,east
pink morsel,$1374,16-12-2021,west
pink morsel,$1326,17-12-2021,north
pink morsel,$1251,17-12-2021,south
pink morsel,$1254,17-12-2021,east
pink morsel,$1422,17-12-2021,west
pink morsel,$1287,18-12-2021,north
pink morsel,$1326,18-12-2021,south
pink morsel,$1428,18-12-2021,east
pink morsel,$1473,18-12-2021,west
pink morsel,$1362,19-12-2021,north
pink morsel,$1224,19-12-2021,south
pink morsel,$1308,19-12-2021,east
pink morsel,$1500,19-12-2021,west
pink morsel,$1269,20-12-2021,north
pink morsel,$1395,20-12-2021,south
pink morsel,$1350,20-12-2021,east
pink morsel,$1308,20-12-2021,west
pink morsel,$1398,21-12-2021,north
pink morsel,$1245,21-12-2021,south
pink morsel,$1413,21-12-2021,east
pink morsel,$1413,21-12-2021,west
pink morsel,$1323,22-12-2021,north
pink morsel,$1293,22-12-2021,south
pink morsel,$1206,22-12-2021,east
pink morsel,$1203,22-12-2021,west
pink morsel,$1446,23-12-2021,north
pink morsel,$1359,23-12-2021,south
pink morsel,$1323,23-12-2021,east
pink morsel,$1269,23-12-2021,west
pink morsel,$1230,24-12-2021,north
pink morsel,$1281,24-12-2021,south
pink morsel,$1464,24-12-2021,east
pink morsel,$1416,24-12-2021,west
pink morsel,$1443,25-12-2021,north
pink morsel,$1269,25-12-2021,south
pink morsel,$1251,25-12-2021,east
pink morsel,$1374,25-12-2021,west
pink morsel,$1347,26-12-2021,north
pink morsel,$1476,26-12-2021,south
pink morsel,$1470,26-12-2021,east
pink morsel,$1386,26-12-2021,west
pink morsel,$1422,27-12-2021,north
pink morsel,$1224,27-12-2021,south
pink morsel,$1449,27-12-2021,east
pink morsel,$1209,27-12-2021,west
pink morsel,$1347,28-12-2021,north
pink morsel,$1272,28-12-2021,south
pink morsel,$1449,28-12-2021,east
pink morsel,$1377,28-12-2021,west
pink morsel,$1467,29-12-2021,north
pink morsel,$1329,29-12-2021,south
pink morsel,$1371,29-12-2021,east
pink morsel,$1437,29-12-2021,west
pink morsel,$1461,30-12-2021,north
pink morsel,$1440,30-12-2021,south
pink morsel,$1356,30-12-2021,east
pink morsel,$1389,30-12-2021,west
pink morsel,$1389,31-12-2021,north
pink morsel,$1305,31-12-2021,south
pink morsel,$1377,31-12-2021,east
pink morsel,$1233,31-12-2021,west
pink morsel,$1278,01-01-2022,north
pink morsel,$1488,01-01-2022,south
pink morsel,$1314,01-01-2022,east
pink morsel,$1302,01-01-2022,west
pink morsel,$1296,02-01-2022,north
pink morsel,$1272,02-01-2022,south
pink morsel,$1266,02-01-2022,east
pink morsel,$1248,02-01-2022,west
pink morsel,$1230,03-01-2022,north
pink morsel,$1290,03-01-2022,south
pink morsel,$1464,03-01-2022,east
pink morsel,$1233,03-01-2022,west
pink morsel,$1443,04-01-2022,north
pink morsel,$1212,04-01-2022,south
pink morsel,$1206,04-01-2022,east
pink morsel,$1203,04-01-2022,west
pink morsel,$1488,05-01-2022,north
pink morsel,$1416,05-01-2022,south
pink morsel,$1215,05-01-2022,east
pink morsel,$1365,05-01-2022,west
pink morsel,$1347,06-01-2022,north
pink morsel,$1236,06-01-2022,south
pink morsel,$1374,06-01-2022,east
pink morsel,$1323,06-01-2022,west
pink morsel,$1239,07-01-2022,north
pink morsel,$1230,07-01-2022,south
pink morsel,$1308,07-01-2022,east
pink morsel,$1281,07-01-2022,west
pink morsel,$1422,08-01-2022,north
pink morsel,$1347,08-01-2022,south
pink morsel,$1242,08-01-2022,east
pink morsel,$1437,08-01-2022,west
pink morsel,$1494,09-01-2022,north
pink morsel,$1263,09-01-2022,south
pink morsel,$1401,09-01-2022,east
pink morsel,$1350,09-01-2022,west
pink morsel,$1344,10-01-2022,north
pink morsel,$1254,10-01-2022,south
pink morsel,$1422,10-01-2022,east
pink morsel,$1389,10-01-2022,west
pink morsel,$1200,11-01-2022,north
pink morsel,$1245,11-01-2022,south
pink morsel,$1383,11-01-2022,east
pink morsel,$1287,11-01-2022,west
pink morsel,$1230,12-01-2022,north
pink morsel,$1356,12-01-2022,south
pink morsel,$1257,12-01-2022,east
pink morsel,$1500,12-01-2022,west
pink morsel,$1356,13-01-2022,north
pink morsel,$1419,13-01-2022,south
pink morsel,$1491,13-01-2022,east
pink morsel,$1308,13-01-2022,west
pink morsel,$1347,14-01-2022,north
pink morsel,$1335,14-01-2022,south
pink morsel,$1248,14-01-2022,east
pink morsel,$1350,14-01-2022,west
pink morsel,$1269,15-01-2022,north
pink morsel,$1287,15-01-2022,south
pink morsel,$1278,15-01-2022,east
pink morsel,$1272,15-01-2022,west
pink morsel,$1389,16-01-2022,north
pink morsel,$1446,16-01-2022,south
pink morsel,$1374,16-01-2022,east
pink morsel,$1290,16-01-2022,west
pink morsel,$1377,17-01-2022,north
pink morsel,$1209,17-01-2022,south
pink morsel,$1242,17-01-2022,east
pink morsel,$1257,17-01-2022,west
pink morsel,$1227,18-01-2022,north
pink morsel,$1275,18-01-2022,south
pink morsel,$1251,18-01-2022,east
pink morsel,$1257,18-01-2022,west
pink morsel,$1377,19-01-2022,north
pink morsel,$1359,19-01-2022,south
pink morsel,$1224,19-01-2022,east
pink morsel,$1320,19-01-2022,west
pink morsel,$1449,20-01-2022,north
pink morsel,$1461,20-01-2022,south
pink morsel,$1296,20-01-2022,east
pink morsel,$1326,20-01-2022,west
pink morsel,$1377,21-01-2022,north
pink morsel,$1443,21-01-2022,south
pink morsel,$1428,21-01-2022,east
pink morsel,$1416,21-01-2022,west
pink morsel,$1248,22-01-2022,north
pink morsel,$1332,22-01-2022,south
pink morsel,$1497,22-01-2022,east
pink morsel,$1500,22-01-2022,west
pink morsel,$1302,23-01-2022,north
pink morsel,$1281,23-01-2022,south
pink morsel,$1323,23-01-2022,east
pink morsel,$1467,23-01-2022,west
pink morsel,$1317,24-01-2022,north
pink morsel,$1425,24-01-2022,south
pink morsel,$1422,24-01-2022,east
pink morsel,$1446,24-01-2022,west
pink morsel,$1482,25-01-2022,north
pink morsel,$1422,25-01-2022,south
pink morsel,$1266,25-01-2022,east
pink morsel,$1488,25-01-2022,west
pink morsel,$1251,26-01-2022,north
pink morsel,$1392,26-01-2022,south
pink morsel,$1245,26-01-2022,east
pink morsel,$1491,26-01-2022,west
pink morsel,$1299,27-01-2022,north
pink morsel,$1440,27-01-2022,south
pink morsel,$1233,27-01-2022,east
pink morsel,$1461,27-01-2022,west
pink morsel,$1428,28-01-2022,north
pink morsel,$1446,28-01-2022,south
pink morsel,$1344,28-01-2022,east
pink morsel,$1470,28-01-2022,west
pink morsel,$1314,29-01-2022,north
pink morsel,$1407,29-01-2022,south
pink morsel,$1374,29-01-2022,east
pink morsel,$1428,29-01-2022,west
pink morsel,$1287,30-01-2022,north
pink morsel,$1290,30-01-2022,south
pink morsel,$1500,30-01-2022,east
pink morsel,$1383,30-01-2022,west
pink morsel,$1227,31-01-2022,north
pink morsel,$1425,31-01-2022,south
pink morsel,$1224,31-01-2022,east
pink morsel,$1233,31-01-2022,west
pink morsel,$1443,01-02-2022,north
pink morsel,$1386,01-02-2022,south
pink morsel,$1443,01-02-2022,east
pink morsel,$1452,01-02-2022,west
pink morsel,$1296,02-02-2022,north
pink morsel,$1491,02-02-2022,south
pink morsel,$1425,02-02-2022,east
pink morsel,$1461,02-02-2022,west
pink morsel,$1275,03-02-2022,north
pink morsel,$1311,03-02-2022,south
pink morsel,$1254,03-02-2022,east
pink morsel,$1269,03-02-2022,west
pink morsel,$1221,04-02-2022,north
pink morsel,$1329,04-02-2022,south
pink morsel,$1206,04-02-2022,east
pink morsel,$1314,04-02-2022,west
pink morsel,$1242,05-02-2022,north
pink morsel,$1200,05-02-2022,south
pink morsel,$1278,05-02-2022,east
pink morsel,$1341,05-02-2022,west
pink morsel,$1350,06-02-2022,north
pink morsel,$1419,06-02-2022,south
pink morsel,$1212,06-02-2022,east
pink morsel,$1329,06-02-2022,west
pink morsel,$1374,07-02-2022,north
pink morsel,$1287,07-02-2022,south
pink morsel,$1353,07-02-2022,east
pink morsel,$1359,07-02-2022,west
pink morsel,$1425,08-02-2022,north
pink morsel,$1416,08-02-2022,south
pink morsel,$1458,08-02-2022,east
pink morsel,$1398,08-02-2022,west
pink morsel,$1374,09-02-2022,north
pink morsel,$1461,09-02-2022,south
pink morsel,$1335,09-02-2022,east
pink morsel,$1353,09-02-2022,west
pink morsel,$1365,10-02-2022,north
pink morsel,$1386,10-02-2022,south
pink morsel,$1242,10-02-2022,east
pink morsel,$1467,10-02-2022,west
pink morsel,$1443,11-02-2022,north
pink morsel,$1218,11-02-2022,south
pink morsel,$1482,11-02-2022,east
pink morsel,$1359,11-02-2022,west
pink morsel,$1347,12-02-2022,north
pink morsel,$1494,12-02-2022,south
pink morsel,$1266,12-02-2022,east
pink morsel,$1251,12-02-2022,west
pink morsel,$1455,13-02-2022,north
pink morsel,$1347,13-02-2022,south
pink morsel,$1500,13-02-2022,east
pink morsel,$1434,13-02-2022,west
pink morsel,$1221,14-02-2022,north
pink morsel,$1479,14-02-2022,south
pink morsel,$1500,14-02-2022,east
pink morsel,$1269,14-02-2022,west
